_id,additional,firstName,lastName,fullName,gnd,start_date_written,end_date_written,role,occupation
6504166ba47588ad6024b405,,Richard,Hoffmann,Richard Hoffmann,,,,Deutsch,Schauspieler
6504166ba47588ad6024b1a7,,Hans,Wengraf,"Wengraf, John",136962327,1897-04-23,1974-05-04,Regie,Schauspieler
6504166ba47588ad6024a9d4,,Stefan,Hlawa,"Hlawa, Stefan",116917822,1896-02-02,1977-06-05,Bühnenbild,Schauspieler
6504166ba47588ad6024ac3c,1876-1962,Lili,Marberg,"Marberg, Lili",116758570,1876-03-09,1962-04-08,"Frau von Cypressenburg, Witwe",Schauspieler
658f03ce51cd38b410089bda,,Barbara,Uth,Barbara Uth,,,,Florence Hill,Schauspieler
6504166ba47588ad6024afcc,,Alma,Seidler,"Seidler, Alma",117464597,1899-06-08,1977-12-08,"Marianne, seine Frau",Schauspieler
6504166ba47588ad6024a678,,Maria,Burg,"Burg, Maria",12624409X,,,"Kari, eine Häuslersfrau",Schauspieler
6504166ba47588ad6024a5e4,1897-1959,Ulrich,Bettac,"Bettac, Ulrich",11615571X,1897-05-02,1959-04-20,König Prusias,Schauspieler
6504166ba47588ad6024b0cc,1854-1951,Willy,Thaller,"Thaller, Wilhelm",11729859X,1854-08-17,1941-04-07,Matthias Gunglbauer,Schauspieler
6504166ba47588ad6024a7b1,"1931-1972, danach als Gast",Richard,Eybner,"Eybner, Richard",118531530,1896-03-17,1986-06-20,Autoagent,Schauspieler
6504166ba47588ad6024a970,,Otto,Hartmann,Otto Hartmann,,,,"Christoph, Bauernbursche",Schauspieler
6504166ba47588ad6024b13e,1904-1972,Eduard,Volters,"Volters, Eduard",1264971346,1904-05-09,1972-10-22,Berényi,Schauspieler
6504166ba47588ad6024a52b,,Edeltraude,Arnoscht,Edeltraude Arnoscht,,,,3. Säterin,Schauspieler
6504166ba47588ad6024b35f,,Walter,Ellis,"Ellis, Walter",139802614,1874,1956,,Schauspieler
6504166ba47588ad6024a89c,1878-1974,Prof. Remigius,Geyling,Prof. Remigius Geyling,,,,Kostümbildner,Schauspieler
6504166ba47588ad6024a990,1888-1954,Wilhelm,Heim,Wilhelm Heim,,,,Direktor Berthier,Schauspieler
6504166ba47588ad6024b14c,1904-1992,Hilde,Wagener,"Wagener, Hilde",119286009,1904-09-26,1992-12-26,Junia Fitzroy,Schauspieler
6568ee8c0080658502207fed,1886-1965,Franz,Höbling,"Höbling, Franz",116922796,1886-09-09,1965-02-14,Fürst Wassili Schuiskij,Schauspieler
6504166ba47588ad6024ab30,,Maria,Kramer,Maria Kramer,,,,Ilonka,Schauspieler
6504166ba47588ad6024b069,,Lilly,Stepanek,"Stepanek, Lilly",117257974,1912-07-18,2004-05-24,Alitta,Schauspieler
658f087c51cd38b410089d5b,,Fred,Steinbacher,"Steinbacher, Fred",106181839X,,,Ein Gartenknecht,Schauspieler
6504166ba47588ad6024b794,,Fritz,Koselka,"Koselka, Fritz",1328283550,1905-07-24,,,Schauspieler
6504166ba47588ad6024b7d7,,Lola,Lorme,"Lorme, Lola",117217808,1883-12-23,1964-02-20,Deutsch,Schauspieler
658f683051cd38b4100b44b5,,G.,Ranky,"Ranky, Paul",1158866011,,,Musik,Schauspieler
6504166ba47588ad6024b05e,"Bearb., Autor",Alexander,Steinbrecher,"Steinbrecher, Alexander",118753142,1910-06-16,1982-04-06,Musik,Schauspieler
6504166ba47588ad6024a778,"1919-1938, 1945-1981",Karl,Eidlitz,"Eidlitz, Karl",116418648,1894-10-26,1981-09-26,Regie,Schauspieler
6504166ba47588ad6024ac97,,Albert,Meithner,Albert Meithner,,,,Musikalische Leitung,Schauspieler
6504166ba47588ad6024ac37,1881-1960,Ferdinand,Maierhofer,"Maierhofer, Ferdinand",142430226,1881-04-09,1960-06-06,Schankbursche,Schauspieler
6504166ba47588ad6024aa3d,,Julia,Janssen,"Janssen, Julia",1062279220,1908-12-10,1982-12-24,Amalie,Schauspieler
6504166ba47588ad6024ac86,1913-1953,Maria,Mayen,"Mayen-Reimers, Maria",1019408758,1892-05-11,1978-07-15,Phöbe,Schauspieler
650c0541258213a8dc5f9b23,,Fred,Liewehr,"Liewehr, Fred",117001007,1909-06-17,1993-07-19,André Tilwyk,Schauspieler
6504166ba47588ad6024b251,1896-1977,Philipp,Zeska,"Zeska, Philipp von",116983841,1896-04-27,1977-08-05,Lucien Leroy,Schauspieler
6504166ba47588ad6024a98a,1884-1947,Reinhold,Haeussermann,"Häussermann, Reinhold",130170402,1884-02-10,1947-04-04,Doktor Emile Bonnet,Schauspieler
6504166ba47588ad6024af31,"Autor, 1891-1963",Wilhelm,Schmidt,Wilhelm Schmidt,,,,Hiob,Schauspieler
6504166ba47588ad6024b0df,,Hermann,Thimig,"Thimig, Hermann",118757121,1890-10-03,1982-07-07,"Titus Feuerfuchs, ein vazierender Barbiergeselle",Schauspieler
6504166ba47588ad6024a63c,1899-1971,Viktor,Braun,Viktor Braun,,,,Häuseragent,Schauspieler
6570bef400806585023dc09a,1895-1970,Karl,Friedl,Karl Friedl,,,,Burschinsky,Schauspieler
6504166ba47588ad6024ad67,,Armand,Ozory,"Ozory, Armand",1061651509,,,Kellner,Schauspieler
6504166ba47588ad6024b085,1868-1938,Fritz,Strassni,"Straßni, Fritz",117308668,1868-09-14,1942-09-14,Herr Vernier,Schauspieler
6504166ba47588ad6024a989,,Ernst,Haeusserman,"Haeusserman, Ernst",116369582,1916-06-03,1984-06-11,Henry Tourone,Schauspieler
6504166ba47588ad6024b1eb,1882-1958,Gisela,Wilke,Gisela Wilke,,,,Olga,Schauspieler
6504166ba47588ad6024b706,,Carlo,Goldoni,"Goldoni, Carlo",118540505,1707-02-25,1793-02-06,,Schauspieler
6504166ba47588ad6024b89c,,Friedrich,Schreyvogl,"Schreyvogl, Friedrich",119549247,1899-07-17,1976-01-11,,Schauspieler
6504166ba47588ad6024aed1,,Franz,Salmhofer,"Salmhofer, Franz",120736640,1900-01-22,1975-09-22,Musik,Schauspieler
6504166ba47588ad6024b16a,"Regie, Bühne",Herbert,Waniek,Herbert Waniek,,,,Regie,Schauspieler
6504166ba47588ad6024aac8,,Fritz,Klingenbeck,"Klingenbeck, Fritz",1019152222,1904-04-22,1990-10-19,Tanzeinstudierung,Schauspieler
6504166ba47588ad6024a786,1896-1954,Maria,Eis,"Eis, Maria",118688421,1896-02-22,1954-12-17,Jeanne Simonet,Schauspieler
6504166ba47588ad6024a9a8,,Fred,Hennings,"Hennings, Fred",118710478,1895-01-26,1981-11-22,Lord Clive,Schauspieler
6504166ba47588ad6024b0f5,1871-1965,Otto,Tressler,"Tressler, Otto",117414719,1871-04-13,1965-04-27,Boris Godunow,Schauspieler
6504166ba47588ad6024afe7,1872-1953,Hans,Siebert,Hans Siebert,,,,Mnischek,Schauspieler
6504166ba47588ad6024aa8a,1881-1959,Julius,Karsten,"Karsten, Julius",126768765,,,Fürst Konstantin Wischnewetzky,Schauspieler
6504166ba47588ad6024ab35,1905-1963,Helmuth,Krauss,"Krauss, Helmuth",1103459899,1905-04-22,1963-07-22,Witanowsky,Schauspieler
6504166ba47588ad6024aa88,1885-1971,Lilly,Karoly,"Klausner, Natalie",130209821,1885-09-08,1971-07-12,Eugenie,Schauspieler
650c0541258213a8dc5f9b36,1888-1961,Paul,Pranger,"Pranger, Paul",101930927X,1888-01-23,1961-06-29,Cato,Schauspieler
6504166ba47588ad6024a9f9,,Tassilo,Holik,"Holik, Tassilo",118553038,1906-08-16,1984-09-12,Ein Liebespaar,Schauspieler
6504166ba47588ad6024ad8f,1880-1954,Albert,Paulmann,"Paulmann, Albert",1329209265,1880,1954-06-11,Der dicke Herr,Schauspieler
6504166ba47588ad6024a9bf,1907-1936,Ludwig,Hetsey,Ludwig Hetsey,,,,Älterer Mann,Schauspieler
6504166ba47588ad6024b410,,Eugen K.,Iljin,Eugen K. Iljin,,,,,Schauspieler
6504166ba47588ad6024add3,,Emil,Pirchan,"Pirchan, Emil",118594559,1884-05-27,1957-12-02,Bühnenbild,Schauspieler
6504166ba47588ad6024ac5d,1876-1949,Hans,Marr,"Marr, Hans",116789999,1878-07-22,1949-03-30,Peter Alexandrowitsch Simonow,Schauspieler
6504166ba47588ad6024ae22,1886-1970,Emmerich,Reimers,"Reimers, Emmerich",116414790,1886-07-21,1970-10-19,Fürst Adam Wischnewetzky,Schauspieler
6504166ba47588ad6024a543,1886-1958,Raoul,Aslan,"Aslan, Raoul",118504681,1886-10-16,1958-06-18,Virág,Schauspieler
6504166ba47588ad6024a8e1,1901-1949,Nora,Gregor,Nora Gregor,,,,"Marina, Tochter des Perikles und der Thaisa",Schauspieler
6504166ba47588ad6024b0cd,,Wolfgang,Thaller,Wolfgang Thaller,,,,Bahnhofkellner,Schauspieler
6504166ba47588ad6024b564,,Fritz,Schwiefert,"Schwiefert, Fritz",117430641,1890-12-04,1961-01-31,,Schauspieler
6504166ba47588ad6024aa5b,,Fritz,Judtmann,"Judtmann, Fritz",130204951,1899-06-15,1968-12-10,Kostümbildner,Schauspieler
6504166ba47588ad6024b906,,Hans,Weigel,"Weigel, Hans",118630083,1908-05-29,1991-08-12,Gesangstexte,Schauspieler
6504166ba47588ad6024aeda,,Heinz,Sandauer,"Sandauer, Heinz",119265206,1911-01-09,1979-08-05,Am Doppelflügel,Schauspieler
6504166ba47588ad6024b180,1884-1963,Hermann,Wawra,"Wawra, Hermann",1062291506,1884-11-24,1963-04-27,"Plutzerkern, Gärtnergehilfe, im Dienste der Frau von Cypressenburg",Schauspieler
6504166ba47588ad6024a8a8,1893-1952,Blanka,Glossy,"Glossy, Blanka",124276741,1893-11-06,1952-11-24,Vogelschrei,Schauspieler
6504166ba47588ad6024acad,1885-1954,Maria,Mell,"Mell, Maria",12797797X,,,Die dicke Dame,Schauspieler
6504166ba47588ad6024af27,,Hans,Schlögl,Hans Schlögl,,,,1. Diener,Schauspieler
6504166ba47588ad6024ac32,,Franz,Madl,"Madl, Franz",1227874103,1934,,2. Diener,Schauspieler
6504166ba47588ad6024aa08,,Willi,Hruschka,Willi Hruschka,,,,3. Diener,Schauspieler
6504166ba47588ad6024b5ff,,Paul,Armont,"Armont, Paul",105636033X,1874,1943,,Schauspieler
6504166ba47588ad6024b4a4,,Leopold,Marchand,Leopold Marchand,,,,,Schauspieler
6504166ba47588ad6024a4ec,1874-1980,Rosa,Albach-Retty,"Albach-Retty, Rosa",118501356,1874-12-26,1980-08-26,"Constantia, ihre Kammerfrau, ebenfalls Witwe, im Dienste der Frau von Cypressenburg",Schauspieler
6504166ba47588ad6024b585,,Karl von,Stigler,"Stigler, Karl von",103678875X,1865-05-29,1926-03-11,,Schauspieler
6504166ba47588ad6024b380,,Richard,Flatter,"Flatter, Richard",116589434,1891-04-14,1960-11-05,Deutsch,Schauspieler
6504166ba47588ad6024abec,,Rudolf,Lisatz,"Lisatz, Rudolf",1328475115,,1943-05-12,Technische Einrichtung,Schauspieler
6504166ba47588ad6024aff3,1899-1965,Reinhold,Siegert,"Siegert, Reinhold",1061667332,1899-02-18,1965-12-04,Scheremtjew,Schauspieler
6504166ba47588ad6024a621,,Fritz,Blum,"Blum, Fritz",1327098326,1870,,Kasimir Lawitzki,Schauspieler
65bbf1df4cfe378558818ef7,,,_____,_____,,,,Eine Dienstmagd,Schauspieler
656cd92a00806585023581ab,1890-1967,Auguste,Pünkösdy,"Pünkösdy, Auguste",116307803,1890-08-28,1967-10-01,"Flora Baumscheer, Gärtnerin, ebenfalls Witwe, im Dienste der Frau von Cypressenburg",Schauspieler
6504166ba47588ad6024b572,,William,Shakespeare,"Shakespeare, William",118613723,1564-04-23,1616-04-23,,Schauspieler
6504166ba47588ad6024a9c9,1877-1966,Hofrat Franz,Herterich,Hofrat Franz Herterich,,,,Scipio der Ältere,Schauspieler
6504166ba47588ad6024a612,1868-1958,Hedwig,Bleibtreu (Römpler-Bleibtreu),"Bleibtreu, Hedwig",116201304,1868-12-23,1958-01-24,Maria Nagaja,Schauspieler
6504166ba47588ad6024b237,1901-1970,Heinz,Woester,"Woester, Heinz",112860499X,1901-06-07,1970-10-07,"Dimitri, später Zar von Russland",Schauspieler
6504166ba47588ad6024b050,1897-1974,Felix,Steinböck,"Steinböck, Felix",1025314409,1897-03-24,1974-01-08,Romanow,Schauspieler
6504166ba47588ad6024ad65,1928-1953,Elisabeth,Ortner-Kallina (Kallina),"Kallina, Elisabeth",129405035,1910-08-15,2004-09-02,Xenia,Schauspieler
650c0541258213a8dc5f9b33,1881-1970,Ferdinand,Onno,"Onno, Ferdinand",117134570,1881-10-19,1969-08-18,Zweiter Konsul,Schauspieler
6504166ba47588ad6024b544,,Friedrich,Schiller,Friedrich Schiller,,,,,Schauspieler
6504166ba47588ad6024ae8d,,Friedrich,Rosenthal,"Rosenthal, Friedrich",116625651,1885-07-20,1942-08-31,Regie,Schauspieler
6504166ba47588ad6024ac80,1936-1963,Liselotte,Medelsky,"Medelsky, Liselotte",129725113X,1907-09-17,1981,Rosamunde,Schauspieler
6504166ba47588ad6024b548,,August Wilhelm,Schlegel,"Schlegel, August Wilhelm von",118607960,1767-09-08,1845-05-12,Deutsch,Schauspieler
6504166ba47588ad6024a9f6,,Blanka,Hohenthal,Blanka Hohenthal,,,,"Emma, ihre Tochter",Schauspieler
6504166ba47588ad6024aada,,Rudolf,Kleiser,"Kleiser, Rudolf",1272520447,1896-10-30,1973-12-17,Polnischer Soldat,Schauspieler
6504166ba47588ad6024ac90,1877-1958,Maria,Mayer,"Mayer, Maria",117547212,1877-07-07,1958-04,Irene Skuratowa,Schauspieler
6504166ba47588ad6024ac81,1880-1960,Lotte,Medelsky,"Medelsky, Lotte",116525614,1880-05-18,1960-12-04,Sein Weib,Schauspieler
6584b34c51cd38b410ec1c1d,,Clemens,Schmalstich,"Schmalstich, Clemens",117455369,1880-10-08,1960-07-15,Musik,Schauspieler
6504166ba47588ad6024a63e,,Hans,Brahm,"Brahm, Hans",1274132282,,,Regie,Schauspieler
6504166ba47588ad6024ac6b,,Gerda,Mattig,Gerda Mattig,,,,Peterchens Sternchen,Schauspieler
6504166ba47588ad6024af66,,Inge,Schrecker,Inge Schrecker,,,,Annelieses Sternchen,Schauspieler
6504166ba47588ad6024aa58,1946-1976,Albert (Berti),Jezel (Jetzel),Albert (Berti) Jezel (Jetzel),,,,Junge Trolle,Schauspieler
6504166ba47588ad6024a596,1928-1932,Maria,Baumeister,Maria Baumeister,,,,Viertes Sternchen,Schauspieler
658ff45851cd38b4100c5ac1,1936-1938,Ruth,Ratz,Ruth Ratz,,,,Annelieses Sternchen,Schauspieler
6504166ba47588ad6024aa81,,Elisabeth,Kallina (verehel. Ortner),Elisabeth Kallina (verehel. Ortner),,,,"Berta, Verrinas Tochter",Schauspieler
6504166ba47588ad6024b2ae,,Gerdt von,Basewitz,Gerdt von Basewitz,,,,,Schauspieler
6504166ba47588ad6024ab9e,,Inge,Leddihn,"Kühnelt-Leddihn, Inge Maria",130215783,1912-05-14,,Dessen Braut,Schauspieler
658f014251cd38b410089abe,1936-1938,Inge,Thorsch,Inge Thorsch,,,,Anneliese,Schauspieler
6504166ba47588ad6024ae44,1935-1937,Ernst,Rendl,Ernst Rendl,,,,Kinder,Schauspieler
6504166ba47588ad6024b3c9,,Franz,Grillparzer,"Grillparzer, Franz",118542192,1791-01-15,1872-01-21,,Schauspieler
65a9886a4cfe378558fbfe35,,Franz,Schubert,Franz Schubert,,,,Musik,Schauspieler
65a988af4cfe378558fbfee8,,Felix,Mottl,"Mottl, Felix",10379543X,1925-08-24,2011-04-01,Musikalische Bearbeitung,Schauspieler
6504166ba47588ad6024aa62,,Stella,Junker,"Junker-Mielke, Stella",123500400,1960,,Kostüme,Schauspieler
6504166ba47588ad6024b164,,Margarete,Wallmann,"Wallmann, Margarethe",117126780,1904-06-22,1992-05-02,Tanzeinstudierung,Schauspieler
6504166ba47588ad6024b84d,,Ferdinand,Raimund,"Raimund, Ferdinand",118597914,1790-06-01,1836-09-05,,Schauspieler
6504166ba47588ad6024a7fe,,Evelyn,Flassig,Evelyn Flassig,,,,Fünftes Sternchen,Schauspieler
6504166ba47588ad6024a56d,1897-1982,Vera,Balser-Eberle,"Balser-Eberle, Vera",1017960771,1897-10-21,1982-03-23,"Dionyza, Gattin des Kleon",Schauspieler
6504166ba47588ad6024b3e2,,Gerhart,Hauptmann,"Hauptmann, Gerhart",118546937,1862-11-15,1946-06-06,,Schauspieler
6504166ba47588ad6024aa16,1887-1945,Walter,Huber,Walter Huber,,,,Pollinger,Schauspieler
6504166ba47588ad6024b00e,Lore,Eleonore,Solvis,Eleonore Solvis,,,,"Ingrid, seine Tochter",Schauspieler
6504166ba47588ad6024a6c9,,Helga,Czech-Rechtensee,Helga Czech-Rechtensee,,,,1. Säterin,Schauspieler
6504166ba47588ad6024a8f0,,Egon,Grosskopf,Egon Grosskopf,,,,Diener der Fürstin Liechtenstein,Schauspieler
6504166ba47588ad6024b29f,,Hermann,Bahr,"Bahr, Hermann",118505955,1863-07-19,1934-01-15,,Schauspieler
6504166ba47588ad6024af44,,Dr. Iwan,Schmith,Dr. Iwan Schmith,,,,Regie,Schauspieler
6504166ba47588ad6024b8a5,Pseud. f. Geza Silberer,,Sil-Vara,Sil-Vara,,,,,Schauspieler
6504166ba47588ad6024b769,,N. C.,Hunter,N. C. Hunter,,,,,Schauspieler
6504166ba47588ad6024a9cf,1893-1945,Hans,Hitzinger,"Hitzinger, Hans von",1055251936,1893-05-26,1945-12-12,Baron Fürstenberg,Schauspieler
6504166ba47588ad6024b401,,Stephan,Hock,Stephan Hock,,,,Deutsch,Schauspieler
6504166ba47588ad6024a568,1898-1978,Ewald,Balser,"Balser, Ewald",116046163,1898-10-05,1978-04-17,Hannibal,Schauspieler
6504166ba47588ad6024ae80,1886-1951,Ida,Roland,"Roland, Ida",116057513,1881-02-18,1951-04-28,Lady Macbeth,Schauspieler
6504166ba47588ad6024b7c4,,George Farquhar,Lennox,"Lennox, George Farquhar",126607001,,,,Schauspieler
6504166ba47588ad6024b31a,,Alexander,Cosmar,"Cosmar, Alexander",116686030,1805-05-12,1842-01-27,Deutsch,Schauspieler
658dbef351cd38b410f55fdb,,Hermann,Röbbeling,"Röbbeling, Hermann",116579730,1875-10-31,1949-06-04,Regie,Schauspieler
6504166ba47588ad6024b566,,Augustin Eugène,Scribe,"Scribe, Eugène",118612425,1791-12-24,1861-02-20,,Schauspieler
658f02b451cd38b410089b43,1874-1950,Otto,Storm,"Storm, Otto",117290688,1874-01-19,1951-08-24,Rechtsanwalt,Schauspieler
6504166ba47588ad6024b107,,Marie,Trentin,Marie Trentin,,,,Betti,Schauspieler
6504166ba47588ad6024b40d,,H. G. Tennyson,Holm,H. G. Tennyson Holm,,,,,Schauspieler
6504166ba47588ad6024ac0d,,Ernst,Lothar,"Lothar, Ernst",118574523,1890-10-25,1974-10-30,Regie,Schauspieler
6504166ba47588ad6024a555,,Willi,Bahner,"Bahner, Willi",1017915350,1906-04-26,1981-07-07,Bühnenbild,Schauspieler
6504166ba47588ad6024ab57,1926-1953,Alois,Krischke,"Krischke, Alois",124438474,1936-03-16,2023-10-04,Notarius Falk,Schauspieler
6504166ba47588ad6024b3e6,,Friedrich,Hebbel,"Hebbel, Friedrich",118547445,1813-03-25,1863-12-13,,Schauspieler
6504166ba47588ad6024b0c0,,Ruth,Teschenbruck,"Teschenbruck, Ruth von",1062210743,,,Nadine,Schauspieler
6504166ba47588ad6024b623,,Richard,Beer-Hofmann,"Beer-Hofmann, Richard",118654756,1866-07-11,1945-09-26,Einrichtung,Schauspieler
6504166ba47588ad6024ae85,Bühne,Alfred,Roller,"Roller, Alfred",118791036,1864-10-02,1935-06-21,Bühnenentwürfe,Schauspieler
6504166ba47588ad6024ad0a,,Adolf,Nemeth,"Nemeth, Adolf",1329199820,1891-12-15,1941-01-13,Bewegungsregie des 31. Bildes,Schauspieler
6504166ba47588ad6024b211,1881-1972,Else,Wohlgemuth,Else Wohlgemuth,,,,Maria Stuart,Schauspieler
6504166ba47588ad6024b70d,,Johann Wolfgang von,Goethe,"Goethe, Johann Wolfgang von",118540238,1749-08-28,1832-03-22,,Schauspieler
6504166ba47588ad6024a57f,,Kurt,Barvicius,Kurt Barvicius,,,,Prinz Sigismund,Schauspieler
6504166ba47588ad6024b916,,Josef,Wenter,"Wenter, Josef",118631314,1880-08-11,1947-07-05,,Schauspieler
6504166ba47588ad6024b1b0,1947-1948,Hans,Weniger,"Weniger, Hans",1330636171,1910,,Gilbert von Varézes,Schauspieler
6504166ba47588ad6024b60b,,Raoul,Auernheimer,"Auernheimer, Raoul",118505033,1876-04-15,1948-01-07,Deutsch,Schauspieler
6504166ba47588ad6024a6d1,,Ladislaus,Czettel,"Czettel, Ladislas",1020827653,1893,1949-03-05,Kostüme,Schauspieler
6504166ba47588ad6024a967,1936-1937,Valerie,Hatvany,Valerie Hatvany,,,,Christine Holm,Schauspieler
6504166ba47588ad6024a71e,1938-1952,Sylvia,Devez (verehel. Waniek),Sylvia Devez (verehel. Waniek),,,,"Donna Fenisa, seine Nichte",Schauspieler
6504166ba47588ad6024b734,,Eugen,Heltai,"Heltai, Jenő",121217477,1871-08-11,1957-09-03,,Schauspieler
6504166ba47588ad6024b226,1911-1936,Jakob,Wolf,Jakob Wolf,,,,Knechte,Schauspieler
6504166ba47588ad6024a99d,1934-1937,Trude,Helmreich,Trude Helmreich,,,,Klosterschwestern,Schauspieler
6504166ba47588ad6024b711,,Fritz,Gottwald,"Gottwald, Fritz",1038178169,1896-10-31,1945-04-05,,Schauspieler
6504166ba47588ad6024b4b1,,Ernst,Martin,Ernst Martin,,,,,Schauspieler
650c0541258213a8dc5f9b20,,Edmund,Lindner,"Lindner, Edmund",1073438007,1852,,Diener Melkirs,Schauspieler
6504166ba47588ad6024a5ec,,Marga,Bernard (Schwarzacher),Marga Bernard (Schwarzacher),,,,Die Hausfrau,Schauspieler
6504166ba47588ad6024a971,1889-1972,Paul,Hartmann,"Hartmann, Paul",116501375,1889-01-08,1977-06-30,Lord Durham,Schauspieler
6504166ba47588ad6024aad9,1937-1940,Josef (Josy),Kleinpeter,Josef (Josy) Kleinpeter,,,,Peterchen,Schauspieler
6504166ba47588ad6024ac2d,1933-1935,Elfi,Mader,Elfi Mader,,,,Kinder,Schauspieler
6504166ba47588ad6024afd3,1937,Teddy,Schwinner,Teddy Schwinner,,,,Peterchens Sternchen,Schauspieler
6504166ba47588ad6024ac96,,Käthe,Meissl,"Meisel, Katharina",1328762823,1903-09-07,,Eine Zig*****in,Schauspieler
6504166ba47588ad6024b281,,Zoe,Akins,Zoe Akins,,,,,Schauspieler
65917acf51cd38b41014af9e,,Reginald,Tögl (Toegl),Reginald Tögl (Toegl),,,,Hansel,Schauspieler
6504166ba47588ad6024acd5,,Seppl,Montag,Seppl Montag,,,,Anne,Schauspieler
65688ab40080658502198906,,Karl,Schönherr,"Schönherr, Karl",118758926,1867-02-04,1943-03-15,,Schauspieler
6504166ba47588ad6024af75,,Karl,Schraml (Schramml),Karl Schraml (Schramml),,,,"Thomas, Schiffer",Schauspieler
6504166ba47588ad6024b2f0,,,Braun,Braun,,,,,Schauspieler
6504166ba47588ad6024b32e,,Franz Theodor,Csokor,"Csokor, Franz Theodor",118522914,1885-09-06,1969-01-05,,Schauspieler
6504166ba47588ad6024b4f8,,Otto,Pick,"Pick, Otto",116178434,1887-05-22,1940-05-25,Deutsch,Schauspieler
6504166ba47588ad6024ad41,,Hanns,Obonya,"Obonya, Hanns",1021063363,1922-01-16,1978-05-27,Ein Gassenjunge,Schauspieler
6504166ba47588ad6024b46a,,František,Langer,"Langer, František",118778684,1888-03-03,1965-08-02,,Schauspieler
6504166ba47588ad6024b477,,Karl,Lerbs,Karl Lerbs,,,,,Schauspieler
6504166ba47588ad6024b894,,August,Scholz,August Scholz,,,,Deutsch,Schauspieler
656ee88f008065850238a039,1919-1938,Franz,Radetzky,Franz Radetzky,,,,2. Wächter,Schauspieler
6504166ba47588ad6024b594,,Leo,Tolstoi,"Tolstoj, Lev Lʹvovič",141487755,1869,1945,,Schauspieler
6504166ba47588ad6024b4c5,,Jenö,Mohacsi,Jenö Mohacsi,,,,Deutsch,Schauspieler
6504166ba47588ad6024b495,,Imre,Madách,"Madách, Imre",118575996,1823-01-21,1864-10-05,,Schauspieler
6504166ba47588ad6024ab36,1884-1959,Werner,Krauss (Krauß),Werner Krauss (Krauß),,,,Jamlichus,Schauspieler
6504166ba47588ad6024b05f,,Bernd,Steiner,"Steiner, Bernd",1013912535,1884-04-10,1933-12-10,Bühnenbild,Schauspieler
6504166ba47588ad6024b76d,,Jochen,Huth,"Huth, Jochen",117073601,1905-05-24,1984-11-17,,Schauspieler
6504166ba47588ad6024b496,,Julius,Mader,"Mader, Julius",1055114432,,,Deutsch,Schauspieler
6504166ba47588ad6024b73d,,Mia,Hergeth,Mia Hergeth,,,,Bearbeitung,Schauspieler
6504166ba47588ad6024b033,,TraudI,Stark,TraudI Stark,,,,Bob,Schauspieler
6504166ba47588ad6024b78e,,Edmond,Konrad,"Konrad, Edmond G.",1056722967,,,,Schauspieler
6504166ba47588ad6024b738,,Rudolf,Henz,"Henz, Rudolf",118549375,1897-05-10,1987-02-12,,Schauspieler
6504166ba47588ad6024b612,,Alexander,Baumann,"Baumann, Alexander",118507451,1814-02-07,1857-12-26,,Schauspieler
6504166ba47588ad6024a753,,Margarethe,Dux,"Dux, Margarethe",1062431081,1914,2006-03-09,Ein Liebespaar,Schauspieler
6504166ba47588ad6024b4d7,,Johann,Nestroy,"Nestroy, Johann",118587080,1801-12-07,1862-05-25,,Schauspieler
6504166ba47588ad6024b877,,Hans,Sassmann,"Sassmann, Hans",130139610,1882-12-17,1944-05-08,Deutsch,Schauspieler
6504166ba47588ad6024b73c,,Geza,Herczeg,Geza Herczeg,,,,Deutsch,Schauspieler
6504166ba47588ad6024b4d3,,Benito,Mussolini,"Mussolini, Benito",118585967,1883-07-29,1945-04-28,,Schauspieler
6504166ba47588ad6024b38b,,Giovacchino,Forzano,"Forzano, Giovacchino",122961900,1883-11-19,1970-10-18,,Schauspieler
653c3296008065850286c019,,Ludwig van,Beethoven,"Beethoven, Ludwig van",118508288,1770-12-17,1827-03-26,Musik,Schauspieler
6504166ba47588ad6024b8ef,,Alfred Marcel,Valmy,"Valmy, Alfred Marcel",126900817,,,,Schauspieler
6504166ba47588ad6024b2b3,,Wolf Graf von,Baudissin,"Baudissin, Wolf von",117768774,1867-01-30,1926-10-04,Deutsch,Schauspieler
650c0541258213a8dc5f9af6,,Clemens,Holzmeister,"Holzmeister, Clemens",118553313,1886-03-27,1983-06-11,Kostüme,Schauspieler
6504166ba47588ad6024a9a3,1937,Kitty,Hen,Kitty Hen,,,,Ein krankes Mädchen,Schauspieler
658ff49751cd38b4100c5b18,,Emmerich,Földes,"Földes, Imre",128053216,1881-09-15,1958-05-05,,Schauspieler
6504166ba47588ad6024b448,,Carl Eduard,Klopfer,"Klopfer, Carl Ed.",130210285,1865-04-29,1937-11-02,Einrichtung,Schauspieler
6504166ba47588ad6024a992,1867-1949,Albert,Heine,"Heine, Albert",116659068,1867-11-16,1949-04-13,Octavio Piccolomini,Schauspieler
6504166ba47588ad6024b43f,,Heinrich von,Kleist,Heinrich von Kleist,,,,,Schauspieler
667e63696bf80e1c7670a6ba,,Bruno,Uher,"Uher, Bruno",134543920,1912-04-12,1976-10-31,Am Doppelflügel,Schauspieler
6504166ba47588ad6024ab7a,,Erwin,Lang,Erwin Lang,,,,Bühnenbild,Schauspieler
650c0541258213a8dc5f9afe,1917-1933,Anna,Horak,Anna Horak,,,,Zwei Alte Weiber,Schauspieler
658b398151cd38b410f08942,1923-1957,Stella,Wendt,"Viczen-Wendt, Stella",1330621913,1880-01-23,1968-01-27,Ein zugewandertes Bauernpaar,Schauspieler
6504166ba47588ad6024b81f,,Hermann Heinz,Ortner,"Ortner, Hermann Heinz",124709060,1895-11-14,1956-08-16,,Schauspieler
658ff71851cd38b4100c5c9f,,Einar,Nilson,"Nilson, Einar",11702094X,1881-02-21,1964-04-21,Musik,Schauspieler
6504166ba47588ad6024a6b5,,Paula,Crombé-Klein,Paula Crombé-Klein,,,,Bewegungsregie,Schauspieler
6504166ba47588ad6024b1df,,,Die Wiener Sängerknaben,Die Wiener Sängerknaben,,,,Mitwirkende,Schauspieler
6504166ba47588ad6024b408,,Hugo von,Hofmannsthal,"Hofmannsthal, Hugo von",118552759,1874-02-01,1929-07-15,,Schauspieler
659089ed51cd38b4100f1884,,Edmund,Nick,Edmund Nick,,,,Musik,Schauspieler
6504166ba47588ad6024b021,1937-1937,Hans,Stahl,Hans Stahl,,,,Chor der Mädchen und Burschen,Schauspieler
6504166ba47588ad6024a9ef,,Carl,Hofer,Carl Hofer,,,,Kammermusiker,Schauspieler
6504166ba47588ad6024af36,1937,Ferdinand,Schmetzer,Ferdinand Schmetzer,,,,Kammermusiker,Schauspieler
658edf4a51cd38b410074424,1934-1937,Fritz,Lader,Fritz Lader,,,,Chor der Mädchen und Burschen,Schauspieler
6504166ba47588ad6024ab21,,Alfons,Kral,"Kral, Alfons",1328284689,1905-09-20,1974-09-24,Kammermusiker,Schauspieler
6504166ba47588ad6024b1a1,1937,Hans,Welz,"Welz, Hans",1330635752,1919-01-23,,Kammermusiker,Schauspieler
6504166ba47588ad6024b134,,Paul,Verhoeven,"Verhoeven, Paul",117371327,1901-06-23,1975-03-22,,Schauspieler
6504166ba47588ad6024b413,,Toni,Impekoven,"Impekoven, Toni",117138525,1878-06-21,1947-05-06,,Schauspieler
6504166ba47588ad6024b5c9,Pseud. von J. Schreyvogel,Carl August,West,Carl August West,,,,Deutsch,Schauspieler
6504166ba47588ad6024b806,,y Cabana Agustin,Moreto,"Moreto, Agustín",118784846,1618-04-09,1669-10-28,,Schauspieler
6504166ba47588ad6024af14,1919-1932,Rudolf,Schenk,Rudolf Schenk,,,,Ein Reitknecht,Schauspieler
6504166ba47588ad6024a54e,1920-1925,Kaspar,Bach,"Bach, Kaspar",13181107X,1639,1697,Ein Diener,Schauspieler
6504166ba47588ad6024a603,1937-1939,Julia,Binder,Julia Binder,,,,Junges Weib,Schauspieler
6504166ba47588ad6024b2dc,,Carl,Bosse,"Bosse, Carl",1019051760,1907-06-30,1981-09-08,Deutsch,Schauspieler
6504166ba47588ad6024a578,Erni,Ernestine,Bauer,"Bäumlein, Ernestine von",1124087559,1808-05-10,1881-06-01,Claudette Fleury,Schauspieler
6504166ba47588ad6024b844,,Sergius,Pugliese,Sergius Pugliese,,,,,Schauspieler
6504166ba47588ad6024b5d6,1837-1911,Adolf,Wilbrandt,"Wilbrandt, Adolf von",118807250,1837-08-24,1911-06-10,,Schauspieler
6504166ba47588ad6024a95e,1844-1911,Ernst,Hartmann,Ernst Hartmann,,,,"Graf Ernst, sein Sohn",Schauspieler
6590925f51cd38b4100f6785,,Adolf,Müller,Adolf Müller,,,,Musik,Schauspieler
6504166ba47588ad6024b0d5,1937-1938,Lisa,Thenen,Lisa Thenen,,,,"Hannerl, Bauernmädchen",Schauspieler
650c0541258213a8dc5f9ad7,1937-1944,Ingeborg,Fürst,"Fiala-Fürst, Ingeborg",106569072X,1961,,Chor der Mädchen und Burschen,Schauspieler
6504166ba47588ad6024ae0f,1937-1940,Fräulein,Probst,Fräulein Probst,,,,Chor der Mädchen und Burschen,Schauspieler
6504166ba47588ad6024b03b,1937,Herr,Stätter,Herr Stätter,,,,Chor der Mädchen und Burschen,Schauspieler
6504166ba47588ad6024aa22,,Josef,Humplik,"Humplik, Josef",118708082,1888,1958,Plastiken,Schauspieler
6504166ba47588ad6024a76a,1905-1940,Ernst,Eckbauer,Ernst Eckbauer,,,,Unteroffizier,Schauspieler
6504166ba47588ad6024b6ce,,Josef,Feiks,"Feiks, Josef",1018689974,1895-04-19,1971-03-26,,Schauspieler
6504166ba47588ad6024b83d,,Peter von,Preradovic,"Preradović, Petar von",116282452,1892-02-05,1941-04-22,,Schauspieler
6504166ba47588ad6024b201,1937,Gucki,Wippel,"Wippel, Gucki",1062429036,,,Die Nichte des Antiochus,Schauspieler
6504166ba47588ad6024b257,1937,Johanna,Zartl,Johanna Zartl,,,,Zweite Frau,Schauspieler
6504166ba47588ad6024b391,,Franz Karl,Franchy,"Franchy, Franz K.",116693908,1896-09-21,1972-02-19,,Schauspieler
6504166ba47588ad6024b57b,,Irma,Stein,"Stein-Firner, Irma",1047522934,,,Deutsche Bearbeitung,Schauspieler
6504166ba47588ad6024b7a0,,Hans,Krauspe,"Frank, Hans",136927424,1901-12-05,1961-05-28,Deutsche Bearbeitung,Schauspieler
6504166ba47588ad6024a800,1937-1938,Hedwig,Flassig,Hedwig Flassig,,,,Kinder,Schauspieler
6504166ba47588ad6024b861,,Serck,Roggers,Serck Roggers,,,,,Schauspieler
6504166ba47588ad6024b7f7,,Max,Mell,"Mell, Max",118580566,1882-11-10,1971-12-13,,Schauspieler
6504166ba47588ad6024a7c4,,Fräulein,Falk,Fräulein Falk,,,,Chor der Mädchen und Burschen,Schauspieler
6504166ba47588ad6024ac2f,1937-1947,Irmgard,Mader,Irmgard Mader,,,,Die Sonne,Schauspieler
6504166ba47588ad6024afa8,1937 als Gast,Ellen,Schwannecke,"Schwanneke, Ellen",117351407,1907-08-11,1972-06-17,Rautendelein,Schauspieler
6504166ba47588ad6024b732,,Fred,Heller,"Heller, Fred",1037459342,1889-04-16,1949-04-12,,Schauspieler
6504166ba47588ad6024b55d,,Adolf,Schütz,"Schütz, Adolf",130149225,1895-09-22,1975-11-11,,Schauspieler
6504166ba47588ad6024b3a8,,Michael,Gesell,"Gesell, Michael",1179410254,1891-01-20,1946-05-16,,Schauspieler
6504166ba47588ad6024b4c9,Franz,Ferenc,Molnár,Ferenc Molnár,,,,,Schauspieler
6504166ba47588ad6024aea9,,Ilse,Rottin,Ilse Rottin,,,,Prinz Sigismund,Schauspieler
6504166ba47588ad6024ae9f,,Adolf,Rott,"Rott, Adolf",116642130,1905-12-14,1982-07-24,Regie,Schauspieler
6504166ba47588ad6024ad17,,Gustav,Neuber,"Neuber, Gustav",1328410919,1885-07-11,1968-09-17,Tanzeinstudierung,Schauspieler
6504166ba47588ad6024b3bb,,Christian Dietrich,Grabbe,"Grabbe, Christian Dietrich",118541102,1801-12-11,1836-09-12,,Schauspieler
6504166ba47588ad6024b6f5,,Ludwig,Fulda,"Fulda, Ludwig",118840452,1862-07-15,1939-03-30,Deutsch,Schauspieler
6584d13851cd38b410ed2962,,Edvard,Grieg,"Grieg, Edvard",118697641,1843-06-15,1907-09-04,Musik,Schauspieler
6504166ba47588ad6024ada3,,Rosa,Petri,Rosa Petri,,,,4. Mädchen,Schauspieler
6504166ba47588ad6024af55,,Lizzi,Schneck,Lizzi Schneck,,,,5. Mädchen,Schauspieler
650c0541258213a8dc5f9b50,,Hermann,Wagner,Hermann Wagner,,,,4. Bursche,Schauspieler
6504166ba47588ad6024b1e9,,Edith,Wilhelmseder,Edith Wilhelmseder,,,,"Klein Helga, dessen Tochter",Schauspieler
6504166ba47588ad6024afa5,"verehl. Lisatz, 1909-1936",Käthe,Schwab,Käthe Schwab,,,,Seine Eltern,Schauspieler
6504166ba47588ad6024a8f8,,Nina,Grosup-Karatsonyi,Nina Grosup-Karatsonyi,,,,"Anitra, eines Beduinenhäuptlings Tochter",Schauspieler
6504166ba47588ad6024b76f,,Henrik,Ibsen,"Ibsen, Henrik",118555286,1828-03-20,1906-05-23,,Schauspieler
6540083300806585029ed184,,Konradin,Kreutzer,"Kreutzer, Conradin",11871600X,1782-11-22,1849-12-14,Musik,Schauspieler
6504166ba47588ad6024afea,1874-1941,Tini,Senders,"Senders, Tini",1061383741,,,Altes Weib,Schauspieler
6504166ba47588ad6024acbc,1906-1944,Ludwig,Miesner,Ludwig Miesner,,,,Kellermeister,Schauspieler
6504166ba47588ad6024adce,,Julius,Piloti,Julius Piloti,,,,Viertes Sternchen,Schauspieler
6504166ba47588ad6024ae53,,Mary,Reyhan,Mary Reyhan,,,,Drittes Sternchen,Schauspieler
6504166ba47588ad6024b3b0,1890-1968,Dr. Josef,Gielen,Dr. Josef Gielen,,,,Regie,Schauspieler
6504166ba47588ad6024a51b,1844-1910,Josef,Altmann,"Altmann, Josef",116295015,1844-12-25,1910-02-02,"Agrippa, Cäsars Vertrauter",Schauspieler
6504166ba47588ad6024ab3d,1839-1908,Friedrich,Krastel,"Krastel, Fritz",116383011,1839-04-06,1908-02-12,"Sextus Pompejus, Gegner der Triumvirn",Schauspieler
6504166ba47588ad6024acd3,,Friedrich,Mitterwurzer,"Mitterwurzer, Friedrich",117064858,1844-10-16,1897-02-13,Ein Engländer,Schauspieler
650c0541258213a8dc5f9b3d,,Elise,Rainer,"Rainer, Elise Carlson",1252250576,,,"Josephine, seine Frau zweiter Ehe",Schauspieler
6504166ba47588ad6024ae87,1847-1899,Emmerich,Robert,Emmerich Robert,,,,"Octavius Cäsar, römischer Triumvir",Schauspieler
6504166ba47588ad6024a86e,1825-1896,Ludwig,Gabillon,"Gabillon, Ludwig",116326557,1825-07-16,1896-02-13,Fürst Albert Liebenstein,Schauspieler
6504166ba47588ad6024a941,1833-1892,Konrad,Hallenstein,"Hallenstein, Conrad",116406488,1834-01-15,1892-09-28,Freiherr von Schallenberg,Schauspieler
6504166ba47588ad6024b6d8,"1843-1902, Pseud. Wallis, Alfred",Emil,Ferrari,"Ferrari, Emil",130148032,1843-03-15,1902-11-18,"Schreier, ein Studiosus",Schauspieler
6504166ba47588ad6024abc4,1822-1883,Eduard,Leuchert,"Leuchert, Eduard von",116957727,1823-03-10,1883-12-08,2. Zeltwache Cäsars,Schauspieler
6504166ba47588ad6024af60,1836-1902,Hermann,Schöne,Hermann Schöne,,,,Anton Sanftleben,Schauspieler
6504166ba47588ad6024af69,"1854-1942, Hofschauspieler",Jakob,Schreiner,"Schreiner, Jakob",117045993,1854-06-14,1942-01-26,"Thyreus, Abgesandter Cäsars",Schauspieler
6504166ba47588ad6024b041,1843-1913,Philipp,Stätter,"Staetter, Philipp",1019650141,1843-10-18,1913-08-12,"Ernst, sein Sohn",Schauspieler
6561f3320080658502cf302a,,Rudolf,Leyrer,"Leyrer, Rudolf",130227463,1855-08-19,1940-01-06,"Demetrius, im Heer und im Dienst des Antonius",Schauspieler
6504166ba47588ad6024ac98,"1815-1888, Hofschauspieler",Carl Wilhelm,Meixner,"Meixner, Karl Wilhelm",11687239X,1818-11-16,1888-09-06,Oberst-Sanitätsrat Dr. Düring,Schauspieler
6504166ba47588ad6024a849,1842-1908,Leo,Friedrich,Leo Friedrich,,,,Bote aus Rom,Schauspieler
6504166ba47588ad6024abea,1834-1913,Josef,Lippert,"Lippert, Josef",130228427,1834-03-16,1913-04-12,1. Leibwache des Antonius,Schauspieler
655672180080658502bfb4f4,1833-1898,Friedrich Wilhelm,Bayer,"Bayer, Friedrich Wilhelm",130099368,1833-06-12,1898-08-13,Ein Diener bei Liebenstein,Schauspieler
6504166ba47588ad6024b2ba,Pseud. f. Marie Gordon,Alexander,Bergen,"Bergen, Alexander",1327607085,1811,1863,Deutsch,Schauspieler
6504166ba47588ad6024abc9,1835-1907,Josef,Lewinsky,"Lewinsky, Josef",116972130,1835-09-02,1907-02-27,"Mäcenas, Cäsars Vertrauter",Schauspieler
6504166ba47588ad6024a9ee,1857-1920,Stella,Hohenfels,"Hohenfels, Stella",116132043,1857-04-16,1920-03-21,"Thekla, seine Nichte",Schauspieler
6504166ba47588ad6024b6f7,"geb. Würzburg, 1835-1892",Zerline,Gabillon,"Gabillon, Zerline",116333316,1834-08-19,1892-04-30,"Beline, seine zweite Frau",Schauspieler
6504166ba47588ad6024b0e0,1854-1944,Hugo,Thimig,"Thimig, Hugo",11875713X,1854-06-13,1944-09-24,"Julius Schmählich, Rittergutsbesitzer",Schauspieler
6561eeb70080658502cf2eea,1836-1900,Friedrich,Rüden,"Ruden, Friedrich",125712537,1898-10-14,,"Charles, Oberkellner",Schauspieler
6504166ba47588ad6024b354,,Philippe François Pinel,Dumanoir,"Dumanoir, Philippe",120858169,1806-07-25,1865-11-13,,Schauspieler
6504166ba47588ad6024b45e,,Paul Constantin,Lafargue,"Fargue, Paul Constantin la",1157553273,,,,Schauspieler
650c0541258213a8dc5f9b15,1848-1920,Antonie,Janisch,"Janisch, Antonie",117078603,1848-05-09,1920-10-12,"Octavia, Cäsars Schwester, Gemahlin Antonius",Schauspieler
6504166ba47588ad6024b07e,1825-1892,Marie,"Strassmann (Straßmann, auch Straßmann-Damböck))","Marie Strassmann (Straßmann, auch Straßmann-Damböck))",,,,Gräfin Kienborn,Schauspieler
6504166ba47588ad6024a969,"geb. Schneeberger, 1843-1898",Helene,Hartmann,"Hartmann, Helene",116498161,1843-09-14,1898-03-12,"Clarisse, ihre Tochter",Schauspieler
6504166ba47588ad6024b8b0,1834-1909,Adolf,Sonnenthal,"Sonnenthal, Adolf von",119343207,1834-12-21,1909-04-04,Baron Rosenkranz,Schauspieler
6504166ba47588ad6024b153,"Hofschauspielerin, verehel. Goschalla",Rosa,Wagner,Rosa Wagner,,,,"Gertrude, Stubenmädchen bei Liebenstein",Schauspieler
6504166ba47588ad6024b488,,Paul,Lindau,"Lindau, Paul",118780034,1839-06-03,1919-01-31,,Schauspieler
662e916c46b3b9baaf2c53f8,"Violinist, Komponist",Jakob,Dont,"Dont, Jakob",116179449,1815-03-02,1888-11-17,Musik - Ouverture,Schauspieler
6562176d0080658502cf3a86,,Julius,Sulzer,"Sulzer, Julius",142636738,1830-07-26,1891-02-14,Musik,Schauspieler
6504166ba47588ad6024aa43,1822-1892,Matthias,Jehly,Matthias Jehly,,,,2. Leibwache des Antonius,Schauspieler
6504166ba47588ad6024b71e,,Karl,Gutzkow,"Gutzkow, Karl",118543830,1811-03-17,1878-12-16,,Schauspieler
6504166ba47588ad6024b7ab,,Heinrich,Laube,Heinrich Laube,,,,Deutsch,Schauspieler
6504166ba47588ad6024a58d,1828-1917,Bernhard,Baumeister,Bernhard Baumeister,,,,Kunz von der Rosen,Schauspieler
6504166ba47588ad6024b230,"1834-1897, verehel. Gräfin O'Sullivan de Gras",Charlotte,Wolter,"Wolter, Charlotte",11880782X,1834-03-01,1897-06-14,"Cleopatra, Königin von Ägypten",Schauspieler
6504166ba47588ad6024b163,1850-1919,Fanny,Walbeck,"Walbeck, Fanny",117115886,1850-10-11,1919-08-15,"Vilma, seine Enkelin",Schauspieler
6504166ba47588ad6024a52c,1816-1891,Friedrich Louis,Arnsburg,"Arnsburg, Ludwig",116352396,1820-10-16,1891-08-23,"Schleich, Sekretär bei Liebenstein",Schauspieler
6504166ba47588ad6024ad02,1838-1916,Ernestine,Negro,"Dingelstedt, Ernestine von",116141085,1818-07-31,1916-04-14,Gräfin Rougemont,Schauspieler
6504166ba47588ad6024ab46,1837-1918,Anna,Kratz,"Kratz, Anna",11638316X,1837-10-30,1918-01-23,Madame Chèbe,Schauspieler
6504166ba47588ad6024b873,,Victorien,Sardou,"Sardou, Victorien",118794566,1831-09-07,1908-11-08,,Schauspieler
6504166ba47588ad6024b61e,,Albert,Beckmann,"Beckmann, Albert",116106239,,1894,Deutsch,Schauspieler
6504166ba47588ad6024ab6a,1818-1886,Cesarine,Kupfer-Gomansky,Cesarine Kupfer-Gomansky,,,,"Fräulein Toni, seine Tante",Schauspieler
6504166ba47588ad6024a675,auch Jeanne,Johanna,Buska,"Buska, Johanna",117183199,1847-04-14,1922-05-16,"Elise Jung, Gesellschafterin der Generalin",Schauspieler
6504166ba47588ad6024acd4,1848-1909,Wilhelmine,Mitterwurzer,"Mitterwurzer, Wilhelmine",117064874,1848-03-27,1909-08-03,"Elisabeth, seine Tochter",Schauspieler
6504166ba47588ad6024b6dc,,Octave,Feuillet,"Feuillet, Octave",118532790,1822-08-11,1890-12-29,,Schauspieler
651691d696c724dc0090cb65,,Ulrich,Voß,Ulrich Voß,,,,Deutsch,Schauspieler
6504166ba47588ad6024b89b,"Pseud. West, Carl August",Joseph,Schreyvogel,"Schreyvogel, Joseph",119368579,1768-03-27,1832-07-28,Bearbeitung,Schauspieler
6504166ba47588ad6024a7dd,1853-1907,Franz,Fiala,"Fiala, Franz",1264255993,1853-08-31,1907-11-25,1. Zeltwache Cäsars,Schauspieler
6504166ba47588ad6024b4e4,1837-1889,Louis,Nötel,"Nötel, Louis",117039306,1837-01-25,1889-03-21,3. Zeltwache Cäsars,Schauspieler
6504166ba47588ad6024b33a,,Ludwig,Doczi,Ludwig Doczi,,,,Deutsch,Schauspieler
6504166ba47588ad6024a96d,,Louise von,Hauenthal,"Taussig, Louise",133046639X,1843-04-28,1917-11,Theudelindes Kammermädchen,Schauspieler
6504166ba47588ad6024b336,,Alphonse,Daudet,"Daudet, Alphonse",118523872,1840-05-13,1897-12-16,,Schauspieler
6504166ba47588ad6024b627,,Adolphe,Bélot,Adolphe Bélot,,,,,Schauspieler
653c3451008065850286dda6,,Adalbert,Gyrowetz,"Gyrowetz, Adalbert",119186322,1763-02-19,1850-03-19,Musik,Schauspieler
6504166ba47588ad6024aa72,,Josef,Kaiser,Josef Kaiser,,,,Verwandte des Karthan,Schauspieler
6504166ba47588ad6024a67b,,Hermann,Burghart (Burghardt),"Burghart, Hermann",143594451,1834-04-07,1901-01-24,Bühnenbild,Schauspieler
6504166ba47588ad6024a87a,,Franz,Gaul,Franz Gaul,,,,Kostümbildner,Schauspieler
6504166ba47588ad6024abf1,1866-1882,Sofie,Link,"Link, Sofie",131713418,1860,1900-10-01,"Louison, ihre kleine Schwester",Schauspieler
6504166ba47588ad6024b4c8,,,Molière,Molière,11858331X,1622-01-15,1673-02-17,,Schauspieler
65620a480080658502cf32ed,,Alfred de,Musset,"Musset, Alfred de",118585940,1810-11-11,1857-05-02,,Schauspieler
6504166ba47588ad6024b43c,,Michael,Klapp,"Klapp, Michael",116197536,1832-02-15,1888-02-26,,Schauspieler
6504166ba47588ad6024ae68,1826-1881,Theodor,Reusche,"Reusche, Theodor",116452994,1826-01-11,1881-08-12,"Herr von Zündorf, ein reicher Banquier",Schauspieler
66572dfef11595c123a5dc5a,,Herr,Mannhart,Herr Mannhart,,,,Fang,Schauspieler
650c0541258213a8dc5f9ab0,1866-1937,Fritz,Müller,Fritz Müller,,,,2. Freiwilliger,Schauspieler
6504166ba47588ad6024a565,auch Barbolani,Josef,Barbolany,Josef Barbolany,,,,Schlinge,Schauspieler
6504166ba47588ad6024ac33,,Anton,Maglia,Anton Maglia,,,,Schatte,Schauspieler
6504166ba47588ad6024b80c,,Gustav von,Moser,"Moser, Gustav von",116937807,1825-05-11,1903-10-23,,Schauspieler
6504166ba47588ad6024a647,,Ida,Branko,Ida Branko,,,,Lady Clawdon,Schauspieler
6504166ba47588ad6024b7bb,,Erneste,Legouvé,Erneste Legouvé,,,,,Schauspieler
6504166ba47588ad6024a5b7,,Regina,Berg,"Berg, Regina",1037317327,,,Carl,Schauspieler
6504166ba47588ad6024b659,,Edward Lord Lytton,Bulwer,"Lytton, Edward Bulwer Lytton",11866493X,1803-05-25,1873-01-18,,Schauspieler
65425b5e0080658502aaf108,,Heinrich,Börnstein,"Börnstein, Heinrich",118810715,1805-11-04,1892-09-10,Deutsch,Schauspieler
6504166ba47588ad6024b6a1,,Alexandre Vater,Dumas,"Dumas, Alexandre",118528068,1802-07-24,1870-12-05,,Schauspieler
655e6b350080658502ca8090,1814-1881,Franz von,Dingelstedt,"Dingelstedt, Franz von",118525751,1814-06-30,1881-05-15,Deutsch,Schauspieler
6504166ba47588ad6024abf2,1868-1881,Therese,Link,"Hänsel, Therese",116363215,1850,,1. Frau der Octavia,Schauspieler
6504166ba47588ad6024b47d,,Gotthold Ephraim,Lessing,Gotthold Ephraim Lessing,,,,,Schauspieler
65f1ecc34578d7314815abd2,,Georg,Kohler,Georg Kohler,,,,Chor Don Manuels,Schauspieler
6504166ba47588ad6024a9ac,,Karl,Hellmann,Karl Hellmann,,,,1. Bauer,Schauspieler
6504166ba47588ad6024b132,,Ignaz,Vogler,"Vogler, Ignaz",124203604,,,2. Hofbedienter,Schauspieler
6504166ba47588ad6024a80c,,Ernst,Fournes,Ernst Fournes,,,,Chor Don Manuels,Schauspieler
650c0541258213a8dc5f9ac0,,Wilhelm,Müller,Wilhelm Müller,,,,3. Jagdfreund,Schauspieler
6504166ba47588ad6024b124,,Josef,Valenti,Josef Valenti,,,,Chor Don Cesars,Schauspieler
6504166ba47588ad6024b1b9,,Adolf,Werner,Adolf Werner,,,,Chor Don Cesars,Schauspieler
6504166ba47588ad6024ab42,,Hans,Kreith,"Kreith, Hans",1328286002,1858,1925-05-09,2. Bauer,Schauspieler
6504166ba47588ad6024b5d4,,Franz,Wiesner,Franz Wiesner,,,,Chor Don Cesars,Schauspieler
6504166ba47588ad6024a57a,,Josef,Bauer,Josef Bauer,,,,Chor Don Cesars,Schauspieler
6504166ba47588ad6024ae0c,,Charlotte,Primas,Charlotte Primas,,,,"Friederike, Elisabeths Aufwärter",Schauspieler
6504166ba47588ad6024ab11,,Charlotte,Korner,Charlotte Korner,,,,Eine Bürgersfrau,Schauspieler
6504166ba47588ad6024b610,,Eduard von,Bauernfeld,"Bauernfeld, Eduard von",118507400,1802-01-03,1890-08-09,,Schauspieler
6504166ba47588ad6024b6e6,,Gustav,Freytag,Gustav Freytag,,,,,Schauspieler
6504166ba47588ad6024b0a8,,Philipp von,Stubenrauch,"Stubenrauch, Philipp von",117353280,1784-07-16,1848-10-05,Kostüme,Schauspieler
6504166ba47588ad6024aa36,,Johann,Janitz,"Janitz, Johann",1328190528,1765,1828-09-30,Dekoration,Schauspieler
655e952d0080658502caf2af,,Marie,Rinesch,Marie Rinesch,,,,Bürgerinnen,Schauspieler
6504166ba47588ad6024b795,,August von,Kotzebue,August von Kotzebue,,,,,Schauspieler
6504166ba47588ad6024b2ea,"Pseud. Paoli, Betty",Elisabeth,Branitz,"Schipp von Branitz, Elisabeth",1047396521,1936,,Deutsch,Schauspieler
6504166ba47588ad6024b2ab,,Theodore,Barrière,"Barrière, Théodore",101494866,1823-03-04,1877-10-16,,Schauspieler
6504166ba47588ad6024b302,,Erneste,Capendu,Erneste Capendu,,,,,Schauspieler
6504166ba47588ad6024b6fe,,Theodor,Gassmann,"Gassmann, Theodor",116450045,1828-04-23,1871-12-02,Deutsch,Schauspieler
6504166ba47588ad6024b80b,,Salomon Hermann von,Mosenthal,"Mosenthal, Salomon Hermann von",101363184,1821-01-14,1877-02-17,,Schauspieler
6504166ba47588ad6024abe8,1870-1872,Antonie,Link,Antonie Link,,,,"Käthchen, seine Tochter",Schauspieler
650c0541258213a8dc5f9b1a,,Anton,Köhler,Anton Köhler,,,,3. Reisender,Schauspieler
6504166ba47588ad6024b1d9,,Carl,Wiene,"Wiene, Carl",117362514,1848-05-08,1913-02-10,Busch,Schauspieler
6504166ba47588ad6024b82c,Pseud. f. Elisabeth Branitz,Betty,Paoli,"Paoli, Betty",10692981X,1814-12-30,1894-07-05,Deutsch,Schauspieler
6504166ba47588ad6024a68d,,Herr,Carpano,Herr Carpano,,,,Riballi,Schauspieler
6504166ba47588ad6024b828,,Edouard,Pailleron,Edouard Pailleron,,,,,Schauspieler
6504166ba47588ad6024b86f,"Pseud. f. Aurore Dudevant, geb. Dupin",Georges,Sand,"Sand, Georges",1045015687,,,,Schauspieler
6556711b0080658502bfb4cf,1828-1889,Dr. August,Förster,Dr. August Förster,,,,Deutsch,Schauspieler
6504166ba47588ad6024b479,,Louis,Leroy,Louis Leroy,,,,,Schauspieler
6504166ba47588ad6024b513,,Hippolyte Francois de,Regnier,Hippolyte Francois de Regnier,,,,,Schauspieler
6504166ba47588ad6024b5bc,"Pseudonym Zell, F.",Camillo,Walzel,"Walzel, Camillo",1316655652,1829-02-11,1893-03-17,,Schauspieler
6504166ba47588ad6024b62f,"pseudonym: Waldherr, Willibald",Charlotte,Birch-Pfeiffer,"Birch-Pfeiffer, Charlotte",118658875,1800-06-23,1868-08-24,,Schauspieler
6504166ba47588ad6024a59d,,Friedrich,Bayer,Friedrich Bayer,,,,"Louis, Diener",Schauspieler
6504166ba47588ad6024af08,,Charlotte,Scheffel (Schöffel),Charlotte Scheffel (Schöffel),,,,Caroline,Schauspieler
6504166ba47588ad6024b38f,,Edouard,Fournier,Edouard Fournier,,,,,Schauspieler
655542050080658502bf2d7b,,H.,Meyer,H. Meyer,,,,,Schauspieler
65620f240080658502cf36af,Pseud. f. Elimar Herzog von Oldenburg,Anton,Günther,Anton Günther,,,,,Schauspieler
654cfd1b0080658502b19d64,,Anton Emil,Titl,"Titl, Anton Emil",117401145,1809-10-05,1882-01-21,Musik,Schauspieler
6504166ba47588ad6024b7e0,,Otto,Ludwig,Otto Ludwig,,,,,Schauspieler
6504166ba47588ad6024b2b4,,Roderich,Benedix,"Benedix, Roderich",118658166,1811-01-21,1873-09-26,,Schauspieler
6504166ba47588ad6024b2a6,,Theodore Faullain de,Banville,"Banville, Théodore de",119080389,1823-03-14,1891-03-13,,Schauspieler
6504166ba47588ad6024b5f6,,Roderich,Anschütz,"Anschütz, Roderich",116312416,1818-07-24,1888-05-26,,Schauspieler
656738aa00806585020a439b,,Peter Joseph,Lindpaintner,"Lindpaintner, Peter Joseph von",119133911,1791-12-09,1856-08-21,Musik,Schauspieler
6504166ba47588ad6024b5c0,,Wilhelm von,Wartenegg,"Wartenegg, Wilhelm von",117145742,1839-02-24,1914-10-14,,Schauspieler
6504166ba47588ad6024a6b4,,Sidonie,Conti,Sidonie Conti,,,,Page des Königs,Schauspieler
6504166ba47588ad6024b60c,,Emile,Augier,"Augier, Emile",119493020,1820-09-17,1889-10-24,,Schauspieler
6504166ba47588ad6024b1ee,1878-1932,Josef,Wiesner,"Wiesner, Josef",1330639960,1859-02-14,,Schimmelig,Schauspieler
655c21f60080658502c8967e,verehel. Mathes; 1841-1913,Louisabeth,Röckel,"Röckel, Louisabeth",116579935,1841-10-30,1913-04-21,Marquise Louise von Lusignan,Schauspieler
6504166ba47588ad6024b72d,Pseud. f. Eligius Freiherr von Münch-Bellinghausen,Friedrich,Halm,"Halm, Friedrich",118720074,1806-04-02,1871-05-22,,Schauspieler
6504166ba47588ad6024b3f3,,Paul,Heyse,Paul Heyse,,,,,Schauspieler
655695f80080658502c081a0,,Friedrich von,Flotow,Friedrich von Flotow,,,,Musik,Schauspieler
6504166ba47588ad6024b54e,,Sigmund,Schlesinger,Sigmund Schlesinger,,,,,Schauspieler
6504166ba47588ad6024aa80,1876-1948,Anna,Kallina,"Kallina, Anna",116032413,1874-03-31,1948-01-04,Ernst,Schauspieler
6504166ba47588ad6024b7e8,,Eduard,Mautner,"Mautner, Eduard",116858311,1824-04-13,1889-07-02,,Schauspieler
6504166ba47588ad6024b909,,Josef von,Weilen,"Weilen, Joseph von",11725634X,1828-12-28,1889-07-03,,Schauspieler
